long_sample_id,num,pct_clay,pct_silt,pct_sand,silt_clay
DSC_009,009,18.035,58.007,23.958,76.042
DSC_010,010,15.588,58.375,26.037,73.963
DSC_012,012,18.142,58.232,23.626,76.374
DSC_013,013,18.763,54.514,26.723,73.277
DSC_014,014,13.449,59.322,27.229,72.771
DSC_015,015,8.641,50.024,41.335,58.665
DSC_016 A,016 A,8.154,48.22,43.626,56.374
DSC_016 B,016 B,18.068,56.32,25.612,74.388
DSC_017,017,7.252,42.327,50.421,49.579
DSC_018,018,17.502,57.618,24.88,75.12
DSC_019,019,17.038,53.719,29.243,70.757
DSC_020,020,18.184,51.395,30.421,69.579
DSC_021,021,16.261,45.285,38.454,61.546
DSC_022,022,11.661,35.679,52.66,47.34
DSC_023,023,14.244,48.506,37.25,62.75
DSC_024,024,15.75,48.802,35.448,64.552
DSC_025,025,16.229,48.887,34.884,65.116
DSC_026,026,13.179,55.229,31.592,68.408
DSC_027,027,8.681,51.851,39.468,60.532
DSC_028,028,9.967,55.681,34.352,65.648
DSC_029,029,13.269,54.497,32.234,67.766
DSC_030,030,8.764,39.067,52.169,47.831
DSC_031,031,16.198,54.048,29.754,70.246
DSC_032,032,17.369,52.009,30.622,69.378
DSC_033,033,18.467,46.751,34.782,65.218
DSC_034,034,9.904,29.197,60.899,39.101
DSC_035,035,20.073,49.148,30.779,69.221
DSC_036,036,24.589,41.14,34.271,65.729
DSC_037,037,26.793,42.459,30.748,69.252
DSC_038,038,22.375,46.298,31.327,68.673
DSC_039,039,30.844,42.147,27.009,72.991
DSC_040,040,23.031,38.821,38.148,61.852
DSC_041,041,26.725,38.596,34.679,65.321
DSC_042,042,12.927,56.117,30.956,69.044
DSC_043,043,5.168,46.668,48.164,51.836
DSC_045,045,16.489,50.296,33.215,66.785
DSC_046,046,20.912,44.875,34.213,65.787
DSC_047,047,18.39,48.606,33.004,66.996
DSC_048,048,14.038,46.734,39.228,60.772
DSC_049,049,8.731,56.827,34.442,65.558
DSC_050,050,7.533,56.648,35.819,64.181
DSC_051,051,4.847,44.35,50.803,49.197
DSC_052,052,11.954,52.273,35.773,64.227
DSC_053,053,8.982,58.86,32.158,67.842
DSC_054,054,6.366,53.252,40.382,59.618
DSC_055,055,5.778,46.816,47.406,52.594
DSC_056,056,10.167,41.626,48.207,51.793
DSC_071,071,16.187,58.797,25.016,74.984
DSC_072,072,17.274,58.593,24.133,75.867
DSC_073,073,9.668,41.182,49.15,50.85
DSC_074,074,8.292,28.278,60.3,36.57
DSC_075,075,17.155,54.735,28.11,71.89
DSC_076,076,8.011,28.717,63.272,36.728
DSC_077,077,9.326,33.385,57.289,42.711
DSC_078,078,8.284,25.526,66.19,33.81
DSC_080,080,18.183,57.209,24.608,75.392
DSC_081,081,16.578,56.358,27.064,72.936
DSC_082,082,23.913,55.699,20.388,79.612
DSC_084,084,16.447,57.548,26.005,73.995
DSC_085,085,16.923,54.581,28.496,71.504
DSC_086,086,13.52,58.924,27.556,72.444
DSC_089,089,16.052,58.207,25.741,74.259
DSC_090,090,18.269,55.823,25.908,74.092
DSC_091,091,15.321,52.825,31.854,68.146
DSC_092,092,17.068,53.861,29.071,70.929
DSC_093,093,17.029,53.058,29.913,70.087
DSC_096,096,21.173,53.513,25.314,74.686
DSC_097,097,25.218,38.79,35.992,64.008
DSC_098,098,13.178,47.186,39.636,60.364
DSC_099,099,5.784,42.15,52.066,47.934
DSC_100,100,24.36,39.261,36.379,63.621
DSC_101,101,4.622,40.927,54.451,45.549
DSC_102,102,23.217,41.673,35.11,64.89
DSC_103,103,29.856,46.024,24.12,75.88
DSC_106,106,5.89,20.796,71.484,26.686
DSC_107,107,17.574,52.825,29.601,70.399
DSC_108,108,17.779,48.703,33.518,66.482
DSC_109,109,18.016,46.362,35.622,64.378
DSC_110,110,11.179,46.564,42.257,57.743
DSC_111,111,8.987,49.462,41.551,58.449
DSC_112,112,12.685,45.958,41.357,58.643
DSC_126,126,19.57,37.294,43.136,56.864
DSC_127,127,26.033,50.374,23.593,76.407
DSC_128,128,21.568,53.886,24.546,75.454
DSC_129,129,7.407,50.343,42.25,57.75
DSC_130,130,19.436,44.989,35.575,64.425
DSC_131,131,20.478,46.564,32.958,67.042
DSC_132,132,9.146,46.728,44.126,55.874
DSC_133,133,7.143,45.581,47.276,52.724
